{"stat.walkOneCm":22617,"stat.pickup.sky_orchards.sapling_dirt":3,"stat.craftItem.minecraft.planks":20,"stat.pickup.minecraft.crafting_table":1,"stat.damageTaken":210,"stat.mineBlock.minecraft.crafting_table":1,"stat.mineBlock.sky_orchards.leaves_dirt":3,"stat.pickup.sky_orchards.resin_dirt":10,"stat.mineBlock.minecraft.wooden_slab":1,"stat.pickup.minecraft.log":9,"stat.flyOneCm":66,"stat.jump":32,"stat.playOneMinute":9159,"stat.fallOneCm":34373,"stat.craftItem.minecraft.wooden_slab":36,"stat.sneakTime":2395,"stat.damageDealt":26,"stat.crouchOneCm":8994,"stat.mineBlock.sky_orchards.log_dirt":6,"stat.timeSinceDeath":9159,"stat.pickup.sky_orchards.acorn_dirt":16,"stat.sprintOneCm":2060,"stat.useItem.minecraft.stone_slab2":4,"stat.useItem.minecraft.wooden_slab":34,"stat.craftingTableInteraction":5}