{"stat.chestOpened":3,"stat.walkOneCm":96374,"stat.pickup.minecraft.wooden_slab":5,"stat.useItem.minecraft.chest":1,"stat.mineBlock.sky_orchards.sapling_dirt":2,"stat.pickup.minecraft.crafting_table":1,"stat.pickup.sky_orchards.acorn_clay":11,"stat.pickup.sky_orchards.acorn_petrified":5,"stat.useItem.tconstruct.rack":3,"stat.pickup.sky_orchards.resin_dirt":44,"stat.useItem.xlfoodmod.coffee":1,"stat.useItem.tp.toasted_bread":1,"stat.pickup.minecraft.log":67,"stat.pickup.sky_orchards.resin_clay":16,"stat.jump":290,"stat.pickup.rustic.crushing_tub":1,"stat.craftItem.tconstruct.rack":4,"stat.fallOneCm":70099,"stat.craftItem.sky_orchards.sapling_petrified":1,"stat.mineBlock.sky_orchards.leaves_clay":110,"stat.crouchOneCm":25691,"stat.mineBlock.sky_orchards.log_dirt":28,"stat.useItem.sky_orchards.sapling_petrified":3,"stat.craftItem.minecraft.chest":2,"stat.pickup.sky_orchards.acorn_dirt":27,"stat.pickup.minecraft.dirt":3,"stat.useItem.minecraft.dirt":3,"stat.sprintOneCm":35571,"stat.useItem.minecraft.stone_slab2":18,"stat.craftingTableInteraction":18,"stat.pickup.sky_orchards.sapling_dirt":11,"stat.mineBlock.sky_orchards.leaves_petrified":112,"stat.craftItem.minecraft.planks":216,"stat.damageTaken":420,"stat.mineBlock.minecraft.crafting_table":1,"stat.craftItem.minecraft.dirt":1,"stat.mineBlock.sky_orchards.leaves_dirt":222,"stat.mineBlock.minecraft.wooden_slab":7,"stat.mineBlock.sky_orchards.log_clay":11,"stat.flyOneCm":34048,"stat.deaths":1,"stat.mineBlock.rustic.crushing_tub":1,"stat.playOneMinute":32559,"stat.pickup.minecraft.torch":1,"stat.craftItem.sky_orchards.sapling_clay":2,"stat.craftItem.minecraft.wooden_slab":294,"stat.pickup.sky_orchards.resin_petrified":26,"stat.pickup.sky_orchards.sapling_clay":3,"stat.sneakTime":5573,"stat.useItem.sky_orchards.acorn_dirt":6,"stat.damageDealt":26,"stat.pickup.sky_orchards.sapling_petrified":5,"stat.timeSinceDeath":386,"stat.useItem.minecraft.wooden_slab":200,"stat.useItem.sky_orchards.sapling_dirt":6,"stat.mineBlock.sky_orchards.log_petrified":17}