{"stat.walkOneCm":65836,"stat.pickup.minecraft.wooden_slab":3,"stat.pickup.sky_orchards.sapling_dirt":7,"stat.craftItem.minecraft.planks":56,"stat.pickup.minecraft.crafting_table":1,"stat.damageTaken":220,"stat.mineBlock.minecraft.crafting_table":1,"stat.craftItem.minecraft.dirt":1,"stat.mineBlock.sky_orchards.leaves_dirt":113,"stat.pickup.sky_orchards.resin_dirt":32,"stat.mineBlock.minecraft.wooden_slab":5,"stat.pickup.minecraft.log":29,"stat.flyOneCm":10267,"stat.jump":129,"stat.mineBlock.rustic.crushing_tub":1,"stat.pickup.rustic.crushing_tub":1,"stat.playOneMinute":20859,"stat.fallOneCm":35418,"stat.pickup.minecraft.torch":1,"stat.craftItem.minecraft.wooden_slab":108,"stat.sneakTime":4191,"stat.damageDealt":26,"stat.crouchOneCm":18145,"stat.mineBlock.sky_orchards.log_dirt":17,"stat.timeSinceDeath":20859,"stat.pickup.sky_orchards.acorn_dirt":20,"stat.pickup.minecraft.dirt":3,"stat.useItem.minecraft.dirt":3,"stat.sprintOneCm":16705,"stat.useItem.minecraft.stone_slab2":9,"stat.useItem.minecraft.wooden_slab":106,"stat.useItem.sky_orchards.sapling_dirt":6,"stat.craftingTableInteraction":9}