{"stat.chestOpened":33,"stat.walkOneCm":122726,"stat.pickup.minecraft.wooden_slab":5,"stat.useItem.minecraft.chest":1,"stat.mineBlock.sky_orchards.sapling_dirt":2,"stat.pickup.minecraft.crafting_table":1,"stat.pickup.minecraft.clay_ball":3,"stat.mineBlock.sky_orchards.leaves_gravel":56,"stat.furnaceInteraction":12,"stat.craftItem.inspirations.wooden_crook":1,"stat.pickup.minecraft.flint":2,"stat.pickup.sky_orchards.acorn_clay":11,"stat.pickup.sky_orchards.acorn_petrified":16,"stat.useItem.tconstruct.rack":3,"stat.pickup.sky_orchards.resin_dirt":63,"stat.useItem.xlfoodmod.coffee":1,"stat.useItem.inspirations.wooden_crook":56,"stat.useItem.tp.toasted_bread":1,"stat.pickup.minecraft.log":96,"stat.pickup.sky_orchards.resin_clay":16,"stat.craftItem.sky_orchards.acorn_dirt":16,"stat.mineBlock.sky_orchards.log_gravel":6,"stat.jump":383,"stat.pickup.rustic.crushing_tub":2,"stat.craftItem.tconstruct.rack":4,"stat.pickup.sky_orchards.resin_gravel":10,"stat.fallOneCm":70575,"stat.craftItem.sky_orchards.sapling_petrified":1,"stat.pickup.sky_orchards.acorn_gravel":10,"stat.mineBlock.sky_orchards.leaves_clay":110,"stat.useItem.slabmachines.furnace_slab":1,"stat.craftItem.minecraft.stone_slab2":0,"stat.crouchOneCm":25869,"stat.mineBlock.sky_orchards.log_dirt":42,"stat.useItem.sky_orchards.sapling_petrified":3,"stat.craftItem.minecraft.chest":2,"stat.pickup.sky_orchards.acorn_dirt":43,"stat.pickup.minecraft.dirt":4,"stat.useItem.minecraft.dirt":3,"stat.sprintOneCm":49529,"stat.useItem.minecraft.stone_slab2":22,"stat.pickup.sky_orchards.sapling_gravel":7,"stat.craftingTableInteraction":29,"stat.craftItem.minecraft.furnace":1,"stat.craftItem.sky_orchards.sapling_gravel":1,"stat.useItem.carryon.tile_item":4,"stat.pickup.sky_orchards.sapling_dirt":22,"stat.mineBlock.sky_orchards.leaves_petrified":223,"stat.craftItem.minecraft.planks":216,"stat.craftItem.sky_orchards.sapling_bone":1,"stat.damageTaken":420,"stat.mineBlock.minecraft.crafting_table":1,"stat.craftItem.minecraft.dirt":12,"stat.mineBlock.sky_orchards.leaves_dirt":393,"stat.mineBlock.minecraft.wooden_slab":7,"stat.pickup.minecraft.dye":7,"stat.mineBlock.sky_orchards.log_clay":11,"stat.flyOneCm":40057,"stat.deaths":1,"stat.mineBlock.rustic.crushing_tub":2,"stat.craftItem.slabmachines.furnace_slab":2,"stat.playOneMinute":45159,"stat.pickup.minecraft.torch":1,"stat.craftItem.sky_orchards.sapling_clay":2,"stat.craftItem.minecraft.wooden_slab":294,"stat.pickup.sky_orchards.resin_petrified":41,"stat.pickup.sky_orchards.sapling_clay":3,"stat.sneakTime":5690,"stat.useItem.sky_orchards.acorn_dirt":10,"stat.damageDealt":26,"stat.pickup.sky_orchards.sapling_petrified":13,"stat.timeSinceDeath":12986,"stat.useItem.minecraft.wooden_slab":200,"stat.craftItem.minecraft.cobblestone":2,"stat.useItem.sky_orchards.sapling_dirt":8,"stat.mineBlock.sky_orchards.log_petrified":26}