{"stat.chestOpened":22,"stat.walkOneCm":89889,"stat.pickup.minecraft.wooden_slab":2,"stat.craftItem.ceramics.unfired_clay":1,"stat.mineBlock.sky_orchards.leaves_bone":56,"stat.pickup.minecraft.stick":1,"stat.leaveGame":3,"stat.pickup.sky_orchards.sapling_bone":3,"stat.pickup.minecraft.clay_ball":5,"stat.craftItem.minecraft.crafting_table":1,"stat.furnaceInteraction":14,"stat.pickup.sky_orchards.acorn_clay":32,"stat.drop.minecraft.dirt":3,"stat.pickup.sky_orchards.acorn_petrified":39,"stat.useItem.sky_orchards.sapling_clay":4,"stat.useItem.bonsaitrees.bonsaipot":1,"stat.pickup.sky_orchards.resin_dirt":80,"stat.useItem.minecraft.clay":2,"stat.useItem.tp.toasted_bread":1,"stat.pickup.minecraft.log":122,"stat.pickup.sky_orchards.resin_clay":44,"stat.jump":174,"stat.craftItem.tconstruct.rack":2,"stat.fallOneCm":135344,"stat.craftItem.rustic.crushing_tub":1,"stat.pickup.sky_orchards.leaves_bone":2,"stat.mineBlock.sky_orchards.leaves_clay":271,"stat.craftItem.bonsaitrees.bonsaipot":3,"stat.craftItem.minecraft.stone_slab2":0,"stat.crouchOneCm":30726,"stat.mineBlock.sky_orchards.log_dirt":58,"stat.useItem.sky_orchards.sapling_petrified":2,"stat.pickup.sky_orchards.acorn_dirt":77,"stat.sprintOneCm":11318,"stat.useItem.minecraft.stone_slab2":16,"stat.pickup.bonsaitrees.bonsaipot":2,"stat.craftItem.minecraft.stick":16,"stat.craftItem.minecraft.wooden_axe":1,"stat.craftingTableInteraction":55,"stat.pickup.sky_orchards.resin_bone":9,"stat.useItem.carryon.tile_item":2,"stat.pickup.sky_orchards.sapling_dirt":32,"stat.mineBlock.sky_orchards.leaves_petrified":219,"stat.craftItem.minecraft.planks":88,"stat.damageTaken":446,"stat.craftItem.minecraft.dirt":5,"stat.mineBlock.minecraft.torch":1,"stat.mineBlock.sky_orchards.leaves_dirt":600,"stat.craftItem.minecraft.clay_ball":28,"stat.mineBlock.minecraft.wooden_slab":2,"stat.pickup.minecraft.dye":4,"stat.pickup.minecraft.planks":4,"stat.mineBlock.sky_orchards.log_clay":27,"stat.mineBlock.minecraft.clay":2,"stat.flyOneCm":11056,"stat.deaths":1,"stat.drop":3,"stat.pickup.sky_orchards.leaves_dirt":2,"stat.playOneMinute":65093,"stat.craftItem.minecraft.wooden_slab":114,"stat.pickup.sky_orchards.resin_petrified":16,"stat.pickup.sky_orchards.sapling_clay":14,"stat.sneakTime":6383,"stat.useItem.sky_orchards.acorn_dirt":8,"stat.mineBlock.bonsaitrees.bonsaipot":2,"stat.damageDealt":40,"stat.mineBlock.sky_orchards.log_bone":5,"stat.pickup.sky_orchards.sapling_petrified":12,"stat.timeSinceDeath":14997,"stat.craftItem.minecraft.brick":17,"stat.craftItem.minecraft.clay":9,"stat.useItem.minecraft.wooden_slab":84,"stat.craftItem.minecraft.cobblestone":6,"stat.useItem.sky_orchards.sapling_dirt":12,"stat.mineBlock.sky_orchards.log_petrified":16,"stat.pickup.sky_orchards.acorn_bone":13}