{"stat.walkOneCm":22757,"stat.pickup.sky_orchards.sapling_dirt":15,"stat.craftItem.minecraft.planks":48,"stat.leaveGame":2,"stat.damageTaken":226,"stat.craftItem.minecraft.dirt":4,"stat.craftItem.minecraft.crafting_table":1,"stat.mineBlock.minecraft.torch":1,"stat.drop.minecraft.dirt":3,"stat.mineBlock.sky_orchards.leaves_dirt":266,"stat.pickup.sky_orchards.resin_dirt":39,"stat.mineBlock.minecraft.wooden_slab":1,"stat.pickup.minecraft.dye":1,"stat.pickup.minecraft.log":27,"stat.flyOneCm":2420,"stat.drop":3,"stat.jump":27,"stat.craftItem.tconstruct.rack":2,"stat.playOneMinute":39955,"stat.fallOneCm":100716,"stat.craftItem.rustic.crushing_tub":1,"stat.craftItem.minecraft.wooden_slab":42,"stat.sneakTime":4089,"stat.damageDealt":30,"stat.crouchOneCm":18975,"stat.mineBlock.sky_orchards.log_dirt":30,"stat.timeSinceDeath":39955,"stat.pickup.sky_orchards.acorn_dirt":24,"stat.useItem.minecraft.stone_slab2":7,"stat.useItem.minecraft.wooden_slab":24,"stat.useItem.sky_orchards.sapling_dirt":5,"stat.craftingTableInteraction":20}