{"stat.chestOpened":1,"stat.walkOneCm":67233,"stat.pickup.minecraft.wooden_slab":2,"stat.pickup.sky_orchards.sapling_dirt":31,"stat.mineBlock.sky_orchards.leaves_petrified":219,"stat.craftItem.minecraft.planks":60,"stat.leaveGame":2,"stat.damageTaken":416,"stat.craftItem.minecraft.dirt":4,"stat.craftItem.minecraft.crafting_table":1,"stat.mineBlock.minecraft.torch":1,"stat.drop.minecraft.dirt":3,"stat.pickup.sky_orchards.acorn_petrified":35,"stat.mineBlock.sky_orchards.leaves_dirt":545,"stat.pickup.sky_orchards.resin_dirt":75,"stat.mineBlock.minecraft.wooden_slab":2,"stat.pickup.minecraft.dye":1,"stat.pickup.minecraft.planks":4,"stat.useItem.tp.toasted_bread":1,"stat.pickup.minecraft.log":76,"stat.flyOneCm":4806,"stat.deaths":1,"stat.drop":3,"stat.jump":103,"stat.craftItem.tconstruct.rack":2,"stat.playOneMinute":51655,"stat.fallOneCm":134717,"stat.craftItem.rustic.crushing_tub":1,"stat.craftItem.minecraft.wooden_slab":114,"stat.pickup.sky_orchards.resin_petrified":13,"stat.sneakTime":5805,"stat.useItem.sky_orchards.acorn_dirt":5,"stat.damageDealt":40,"stat.pickup.sky_orchards.sapling_petrified":11,"stat.crouchOneCm":27668,"stat.mineBlock.sky_orchards.log_dirt":54,"stat.timeSinceDeath":1559,"stat.useItem.sky_orchards.sapling_petrified":2,"stat.pickup.sky_orchards.acorn_dirt":51,"stat.sprintOneCm":2185,"stat.useItem.minecraft.stone_slab2":10,"stat.useItem.minecraft.wooden_slab":84,"stat.craftItem.minecraft.cobblestone":1,"stat.useItem.sky_orchards.sapling_dirt":11,"stat.mineBlock.sky_orchards.log_petrified":16,"stat.craftingTableInteraction":37}