{"stat.walkOneCm":1787,"stat.pickup.sky_orchards.sapling_dirt":9,"stat.craftItem.minecraft.planks":20,"stat.leaveGame":2,"stat.damageTaken":226,"stat.craftItem.minecraft.crafting_table":1,"stat.mineBlock.sky_orchards.leaves_dirt":67,"stat.pickup.sky_orchards.resin_dirt":11,"stat.mineBlock.minecraft.wooden_slab":1,"stat.pickup.minecraft.log":8,"stat.flyOneCm":2273,"stat.jump":7,"stat.playOneMinute":28255,"stat.fallOneCm":100507,"stat.craftItem.minecraft.wooden_slab":24,"stat.sneakTime":2754,"stat.damageDealt":20,"stat.crouchOneCm":11590,"stat.mineBlock.sky_orchards.log_dirt":9,"stat.timeSinceDeath":28255,"stat.pickup.sky_orchards.acorn_dirt":3,"stat.useItem.minecraft.stone_slab2":3,"stat.useItem.minecraft.wooden_slab":16,"stat.useItem.sky_orchards.sapling_dirt":2,"stat.craftingTableInteraction":3}